,st1,st2,st3,st4,discript
0,2.9375,3.65625,3.65625,2.625,
